producer_id,anomaly_profile,anomaly_start,anomaly_end,anomaly_duration,sent,accepted,rejected,errors,duration_s,throughput_eps,min_ms,avg_ms,p50_ms,p90_ms,p95_ms,p99_ms,max_ms,ack_statuses,error_messages
producer-010,normal,,,0,2500,2500,0,0,197.043602459,12.687547166217637,49.649666999997066,74.77121701640029,72.88050000000013,90.03554199999968,96.07888540000859,112.73923699999985,488.3627500000074,"{""accepted"": 2500}",{}
producer-019,normal,,,0,2500,2500,0,0,198.41104525,12.600104983318715,48.17829099999926,75.43827296679996,73.27858400000054,90.9519291999942,96.99553399999951,113.53555374999308,417.3052080000019,"{""accepted"": 2500}",{}
producer-017,normal,,,0,2500,2500,0,0,199.103181208,12.556303645335978,50.2705419999927,75.86927085639977,73.98102050000688,90.93736670001249,96.708610750005,113.57290624999824,416.2889589999992,"{""accepted"": 2500}",{}
producer-018,normal,,,0,2500,2500,0,0,199.10783670799998,12.556010056331209,50.33666699998207,75.68269725839986,73.37743749999959,91.46367920000387,97.34775865000564,113.75671342000064,418.99345800000276,"{""accepted"": 2500}",{}
producer-029,normal,,,0,2500,2500,0,0,199.500586208,12.531291499030942,48.16541600000335,75.91874915120013,74.07489549999369,91.1292545000002,97.0712583000001,115.2895074099961,483.9711250000107,"{""accepted"": 2500}",{}
producer-030,normal,,,0,2500,2500,0,0,200.380859208,12.476241542636274,46.77704200000221,76.12242479960007,74.0269164999976,91.43381700000077,97.15802920000131,115.42146342000426,448.37408299999026,"{""accepted"": 2500}",{}
producer-047,normal,,,0,2500,2500,0,0,200.736490084,12.454138253358183,50.6992079999975,76.4033900512,74.16741649999814,91.25142879998975,98.1041565500011,113.87162832999887,614.9713340000034,"{""accepted"": 2500}",{}
producer-025,normal,,,0,2500,2500,0,0,201.031865166,12.435839452296037,52.008459000006724,76.53679403639974,74.48783299999917,91.38433340000347,96.9284395499912,112.59597084000019,482.17950000000087,"{""accepted"": 2500}",{}
producer-005,normal,,,0,2500,2500,0,0,201.16518950000003,12.427597469591028,50.11529099999734,76.51986222719994,74.2551454999969,91.22696280000184,97.24533510000204,117.83028282999655,480.2721669999954,"{""accepted"": 2500}",{}
producer-014,normal,,,0,2500,2500,0,0,201.366333833,12.41518357320512,52.783499999996764,76.61389264240013,74.43493750000218,91.21970800000251,96.61980659999969,115.34403191000122,608.1716250000113,"{""accepted"": 2500}",{}
producer-023,normal,,,0,2500,2500,0,0,201.501226542,12.406872369478661,53.67283300000025,76.74966221919995,74.72860399999348,91.36311249999807,98.39976039999671,114.06093915999003,607.6731659999979,"{""accepted"": 2500}",{}
producer-050,normal,,,0,2500,2500,0,0,201.943672,12.379689718626093,52.66337499999452,76.88530226759977,74.66320849999875,91.16248749999974,97.15613989999927,115.13290125000067,599.0600409999871,"{""accepted"": 2500}",{}
producer-040,normal,,,0,2500,2500,0,0,202.2658485,12.359970892466308,54.08425000001671,76.97429626680008,74.78458349999784,91.87977919998927,97.88837854999848,113.96852374999791,616.6063749999893,"{""accepted"": 2500}",{}
producer-022,normal,,,0,2500,2500,0,0,202.367743208,12.353747491419226,53.9248329999964,77.10562699279978,75.00739599999662,91.84737110000754,97.65060770000035,117.26793582998454,485.8686660000018,"{""accepted"": 2500}",{}
producer-031,normal,,,0,2500,2500,0,0,202.65962491699997,12.335954934407308,51.71362499999077,77.17454668279971,74.97500000000912,91.2338996999921,97.32801489998835,119.70300749998728,488.29787500000066,"{""accepted"": 2500}",{}
producer-027,normal,,,0,2500,2500,0,0,202.806618583,12.327013869011667,53.23104199999307,77.3306840512002,74.95206249999598,92.53884970000001,98.39994934999545,116.24877740998066,607.1921669999938,"{""accepted"": 2500}",{}
producer-013,normal,,,0,2500,2500,0,0,202.87618025,12.322787213951402,50.45729200000437,77.29779032799979,75.0748125000058,92.1792922999984,98.16582500000096,118.38727315999995,606.4338749999933,"{""accepted"": 2500}",{}
producer-006,normal,,,0,2500,2500,0,0,202.880554125,12.322521548613697,51.22137500000079,77.29637114319996,74.8551455000026,91.81657150000291,99.06673155000263,118.72163875000388,484.21308399998964,"{""accepted"": 2500}",{}
producer-045,normal,,,0,2500,2500,0,0,203.117341875,12.308156344122107,51.10979100000179,77.32042137920004,75.01287500000586,92.50174160000171,99.18531635000677,117.76430542000054,606.5557920000089,"{""accepted"": 2500}",{}
producer-037,normal,,,0,2500,2500,0,0,203.14018158300001,12.306772498273748,54.13095800000001,77.33842383560005,75.1706454999983,91.76838750000229,98.02191070000035,117.479904499993,480.90879200000813,"{""accepted"": 2500}",{}
producer-020,normal,,,0,2500,2500,0,0,203.446673,12.288232405746935,52.07691599999986,77.41928497320012,75.16114550000452,91.46766250001191,98.29384170000142,116.88221083000774,492.7382919999985,"{""accepted"": 2500}",{}
producer-034,normal,,,0,2500,2500,0,0,203.506576125,12.28461530631041,53.80633299999715,77.4099363020002,75.32770849998371,92.15910350000058,97.95208779999989,118.08033249999912,596.9474999999989,"{""accepted"": 2500}",{}
producer-032,normal,,,0,2500,2500,0,0,203.509916917,12.284413643683056,56.3558329999978,77.51935742159985,75.25474949999023,91.96490389999497,98.98266664998731,116.99995082999956,484.86670900000206,"{""accepted"": 2500}",{}
producer-007,normal,,,0,2500,2500,0,0,203.74421675,12.270286930733214,51.4553750000033,77.60982718760012,75.43149999999699,92.6643869000003,98.2896598000039,118.14094559000252,475.54687499999204,"{""accepted"": 2500}",{}
producer-038,normal,,,0,2500,2500,0,0,203.88715604200002,12.261684593241416,54.34116700000047,77.71836296759989,75.2976039999993,92.8164579999958,99.41900415000265,122.9830645800004,481.6252080000112,"{""accepted"": 2500}",{}
producer-015,normal,,,0,2500,2500,0,0,204.26383370800002,12.239073137018515,53.79641700000093,77.84979104600002,75.43827050000118,92.61630799999665,99.59723365000244,118.0835959999988,606.2178749999987,"{""accepted"": 2500}",{}
producer-026,normal,,,0,2500,2500,0,0,204.3523525,12.233771568643919,56.609041999998055,77.90684843760027,75.64454149999378,92.31274169999821,98.27817145001632,118.54163823999644,610.1047920000013,"{""accepted"": 2500}",{}
producer-011,normal,,,0,2500,2500,0,0,204.669390375,12.214821158256454,52.928749999999525,77.99833087159979,75.67125050000368,92.1545707999911,98.71943990000817,119.71626226000137,615.7927499999971,"{""accepted"": 2500}",{}
producer-035,normal,,,0,2500,2500,0,0,204.74760612499998,12.210154967446755,52.921042000008356,78.04341479359994,75.30845849998968,92.46559610000133,99.54538125000738,123.9264855100153,610.0030000000061,"{""accepted"": 2500}",{}
producer-016,normal,,,0,2500,2500,0,0,204.952349167,12.19795728207507,53.63112500000078,78.11661227639966,75.67912499999352,93.01202109999878,99.08349934998931,116.56892425999719,608.6763329999911,"{""accepted"": 2500}",{}
producer-033,normal,,,0,2500,2500,0,0,205.023263334,12.19373820973326,55.13087500000324,78.15666692999949,75.72937449999984,93.05255860000017,98.83455240000104,119.37061282999088,602.4885000000069,"{""accepted"": 2500}",{}
producer-046,normal,,,0,2500,2500,0,0,205.229166416,12.181504430673826,53.94995800000402,78.25231288520004,75.55091650000634,92.16935419998435,99.05432259999361,122.36117634000294,602.761583000003,"{""accepted"": 2500}",{}
producer-003,normal,,,0,2500,2500,0,0,205.403566208,12.17116161200628,55.91049999998177,78.23924433559996,75.62749999999596,92.75590780000014,99.60050685000007,120.42962292000112,598.597041000005,"{""accepted"": 2500}",{}
producer-036,normal,,,0,2500,2500,0,0,205.515720125,12.164519572903888,54.490791999995736,78.38748663719979,76.13833349999943,93.07082079999986,99.57585975000002,116.10558133999791,484.74379099999965,"{""accepted"": 2500}",{}
producer-043,normal,,,0,2500,2500,0,0,205.695826375,12.15386837962526,56.16204199999686,78.37572429080018,75.89389600001084,93.35754220000112,100.03797470000538,121.48759232998044,471.1958750000065,"{""accepted"": 2500}",{}
producer-009,normal,,,0,2500,2500,0,0,205.779253667,12.148940942538344,54.60854199999687,78.51687523599998,75.891979000005,93.63117469999693,101.34156220000162,121.84693783000101,484.65416599999855,"{""accepted"": 2500}",{}
producer-049,normal,,,0,2500,2500,0,0,205.820084167,12.146530840846072,58.23016700000139,78.49104830679985,75.86995799999929,92.95698330000306,100.01360690000213,122.80850834000172,607.8033330000068,"{""accepted"": 2500}",{}
producer-012,normal,,,0,2500,2500,0,0,205.857748708,12.144308463929322,52.85808299999984,78.45600132040013,75.86831249999548,93.60170389999824,99.38539170000169,121.16984866999071,611.1016669999998,"{""accepted"": 2500}",{}
producer-044,normal,,,0,2500,2500,0,0,205.925783583,12.140296161565196,54.557916999999456,78.46796004040031,75.81868750000132,93.12734650000891,100.591120499999,119.5173044099898,605.7770000000033,"{""accepted"": 2500}",{}
producer-028,normal,,,0,2500,2500,0,0,206.06970154200002,12.131817444741936,54.725958000000574,78.5932299776,75.93556250000688,92.88730439998858,100.11215834999803,120.38137892999625,605.4582499999981,"{""accepted"": 2500}",{}
producer-039,normal,,,0,2500,2500,0,0,206.29190779200002,12.118749721005535,53.61016700000221,78.61668069840006,75.8933960000121,93.43706250000139,99.91765589999942,126.0846580099986,615.3837089999996,"{""accepted"": 2500}",{}
producer-001,normal,,,0,2500,2500,0,0,206.347264792,12.115498611139932,51.703291999999124,78.69695451279999,76.04518749999123,93.6879583000021,100.60820420001778,123.54564934000052,604.8899999999975,"{""accepted"": 2500}",{}
producer-041,disconnect,221,509,289,2500,2500,0,0,206.54870987500001,12.103682475252254,52.40666599999955,77.2910601307999,74.63008350000422,92.32047470000282,98.60520895000705,118.29957684000185,609.7044589999996,"{""accepted"": 2500}",{}
producer-024,normal,,,0,2500,2500,0,0,206.702623667,12.09466989653467,52.430499999999824,78.81989186839996,76.36837500000127,93.9540749999992,101.46970209999466,121.4108964300004,611.3509999999991,"{""accepted"": 2500}",{}
producer-021,normal,,,0,2500,2500,0,0,206.851576958,12.085960555706134,53.701916999997934,78.90038819319982,76.24668800000478,93.52488340000207,100.47093400000054,123.1937150000148,606.5177920000053,"{""accepted"": 2500}",{}
producer-004,normal,,,0,2500,2500,0,0,206.93200675,12.0812630161187,51.739083999997604,78.83841435640011,76.42650000000017,93.70532559999133,101.65943990000665,120.01406533000322,609.9873750000029,"{""accepted"": 2500}",{}
producer-048,normal,,,0,2500,2500,0,0,207.172786292,12.067221978066033,55.28479199999481,79.08289174039966,76.40393750000385,93.61988360000015,100.67645479999962,120.42697434000176,605.283,"{""accepted"": 2500}",{}
producer-042,normal,,,0,2500,2500,0,0,207.387612625,12.054721920737478,54.249416999997635,79.15320390439989,76.01666649999572,94.19446279999448,101.44225450000309,125.92397217000197,609.2922080000136,"{""accepted"": 2500}",{}
producer-002,slow,429,551,123,2500,2500,0,0,222.511224417,11.235388266592985,52.45233299999086,76.19201827080003,73.83858350000594,91.14507499999219,97.11017084999904,117.08208783000102,616.044959000007,"{""accepted"": 2500}",{}
producer-008,slow,202,475,274,2500,2500,0,0,248.467037166,10.061696829144214,50.44783299999267,75.04259049400018,73.00937500000515,91.28202149998828,97.31982774999965,116.37363324999285,487.0197080000054,"{""accepted"": 2500}",{}
