profile,threshold_ms,ack_rows,above_threshold,share_above_pct,producers_affected
disconnect,98.80791935000015,289,24,8.304498269896193,1
disconnect,100.0,289,19,6.5743944636678195,1
disconnect,118.9553646700026,289,7,2.422145328719723,1
disconnect,150.0,289,0,0.0,0
disconnect,200.0,289,0,0.0,0
disconnect,250.0,289,0,0.0,0
normal,98.80791935000015,124314,6184,4.974500056309024,50
normal,100.0,124314,5465,4.396125939154078,50
normal,118.9553646700026,124314,1236,0.9942564795598243,50
normal,150.0,124314,264,0.2123654616535547,50
normal,200.0,124314,75,0.060331097060668956,50
normal,250.0,124314,65,0.05228695078591308,50
slow,98.80791935000015,397,42,10.579345088161208,2
slow,100.0,397,38,9.571788413098236,2
slow,118.9553646700026,397,7,1.7632241813602016,2
slow,150.0,397,1,0.2518891687657431,1
slow,200.0,397,0,0.0,0
slow,250.0,397,0,0.0,0
